track_id,album_id,artist_id,artist,track,album_name,album_type,album_date,album_tracks,album_pic,genres
0WOdLoKVLLVO8Zcu29ah68,13vOj4n0shZtxuPqrw00iP,2hGh5VOeeqimQFxqXvfCUf,John Coltrane,My Favorite Things - Live At The Half Note,"One Down, One Up: Live At The Half Note",Album,2005-01-01,"Introduction And Announcements - Introduction 1 / Live At The Half Note (01:36)/One Down, One Up - Live At The Half Note (27:39)/Announcements - Announcement 1 / Live At The Half Note (00:51)/Afro-Blue - Live At The Half Note (12:44)/Introduction And Announcements - Introduction 2 / Live At The Half Note (00:43)/Song Of Praise - Live At The Half Note (19:38)/Announcements - Announcement 2 / Live At The Half Note (00:43)/My Favorite Things - Live At The Half Note (22:47",https://i.scdn.co/image/ab67616d00001e02e5289ce7df26c204302d669c,Jazz/Hard Bop/Free Jazz/Bebop/Cool Jazz/Jazz Blues
5RANQdNcKrUchsNXSrM1af,3S5MLt9uoIGx9GialSuBq6,6ra4GIOgCZQZMOaUECftGN,Frank Zappa,Cheap Thrills,Cruising With Ruben & The Jets,Album,1968-12-02,Cheap Thrills (02:39)/Love Of My Life (03:08)/How Could I Be Such A Fool (03:34)/Deseri (02:08)/I'm Not Satisfied (04:08)/Jelly Roll Gum Drop (02:24)/Anything (03:05)/Later That Night (03:00)/You Didn't Try To Call Me (03:57)/Fountain Of Love (03:22)/No. No. No. (02:15)/Anyway The Wind Blows (03:01)/Stuff Up The Cracks (04:39,https://i.scdn.co/image/ab67616d00001e02f8d437fbe39a921c433d03c8,Progressive Rock/Art Rock/Jazz Fusion/Psychedelic Rock/Avant-garde/Experimental/Symphonic Rock
4V0IQjv0hwEdLPYoxCF4eU,13vOj4n0shZtxuPqrw00iP,2hGh5VOeeqimQFxqXvfCUf,John Coltrane,Announcements - Announcement 2 / Live At The Half Note,"One Down, One Up: Live At The Half Note",Album,2005-01-01,"Introduction And Announcements - Introduction 1 / Live At The Half Note (01:36)/One Down, One Up - Live At The Half Note (27:39)/Announcements - Announcement 1 / Live At The Half Note (00:51)/Afro-Blue - Live At The Half Note (12:44)/Introduction And Announcements - Introduction 2 / Live At The Half Note (00:43)/Song Of Praise - Live At The Half Note (19:38)/Announcements - Announcement 2 / Live At The Half Note (00:43)/My Favorite Things - Live At The Half Note (22:47",https://i.scdn.co/image/ab67616d00001e02e5289ce7df26c204302d669c,Jazz/Hard Bop/Free Jazz/Bebop/Cool Jazz/Jazz Blues
2nWSLHchBsbpiqLLca2ZAV,13vOj4n0shZtxuPqrw00iP,2hGh5VOeeqimQFxqXvfCUf,John Coltrane,Song Of Praise - Live At The Half Note,"One Down, One Up: Live At The Half Note",Album,2005-01-01,"Introduction And Announcements - Introduction 1 / Live At The Half Note (01:36)/One Down, One Up - Live At The Half Note (27:39)/Announcements - Announcement 1 / Live At The Half Note (00:51)/Afro-Blue - Live At The Half Note (12:44)/Introduction And Announcements - Introduction 2 / Live At The Half Note (00:43)/Song Of Praise - Live At The Half Note (19:38)/Announcements - Announcement 2 / Live At The Half Note (00:43)/My Favorite Things - Live At The Half Note (22:47",https://i.scdn.co/image/ab67616d00001e02e5289ce7df26c204302d669c,Jazz/Hard Bop/Free Jazz/Bebop/Cool Jazz/Jazz Blues
0qQv3XKcr8mvZlcxcdqnvi,13vOj4n0shZtxuPqrw00iP,2hGh5VOeeqimQFxqXvfCUf,John Coltrane,Introduction And Announcements - Introduction 2 / Live At The Half Note,"One Down, One Up: Live At The Half Note",Album,2005-01-01,"Introduction And Announcements - Introduction 1 / Live At The Half Note (01:36)/One Down, One Up - Live At The Half Note (27:39)/Announcements - Announcement 1 / Live At The Half Note (00:51)/Afro-Blue - Live At The Half Note (12:44)/Introduction And Announcements - Introduction 2 / Live At The Half Note (00:43)/Song Of Praise - Live At The Half Note (19:38)/Announcements - Announcement 2 / Live At The Half Note (00:43)/My Favorite Things - Live At The Half Note (22:47",https://i.scdn.co/image/ab67616d00001e02e5289ce7df26c204302d669c,Jazz/Hard Bop/Free Jazz/Bebop/Cool Jazz/Jazz Blues
3daxXJzu8abECfrQNuG5Fb,13vOj4n0shZtxuPqrw00iP,2hGh5VOeeqimQFxqXvfCUf,John Coltrane,Announcements - Announcement 1 / Live At The Half Note,"One Down, One Up: Live At The Half Note",Album,2005-01-01,"Introduction And Announcements - Introduction 1 / Live At The Half Note (01:36)/One Down, One Up - Live At The Half Note (27:39)/Announcements - Announcement 1 / Live At The Half Note (00:51)/Afro-Blue - Live At The Half Note (12:44)/Introduction And Announcements - Introduction 2 / Live At The Half Note (00:43)/Song Of Praise - Live At The Half Note (19:38)/Announcements - Announcement 2 / Live At The Half Note (00:43)/My Favorite Things - Live At The Half Note (22:47",https://i.scdn.co/image/ab67616d00001e02e5289ce7df26c204302d669c,Jazz/Hard Bop/Free Jazz/Bebop/Cool Jazz/Jazz Blues
4Y0viZJi0J0wGGq53V8lsA,13vOj4n0shZtxuPqrw00iP,2hGh5VOeeqimQFxqXvfCUf,John Coltrane,"One Down, One Up - Live At The Half Note","One Down, One Up: Live At The Half Note",Album,2005-01-01,"Introduction And Announcements - Introduction 1 / Live At The Half Note (01:36)/One Down, One Up - Live At The Half Note (27:39)/Announcements - Announcement 1 / Live At The Half Note (00:51)/Afro-Blue - Live At The Half Note (12:44)/Introduction And Announcements - Introduction 2 / Live At The Half Note (00:43)/Song Of Praise - Live At The Half Note (19:38)/Announcements - Announcement 2 / Live At The Half Note (00:43)/My Favorite Things - Live At The Half Note (22:47",https://i.scdn.co/image/ab67616d00001e02e5289ce7df26c204302d669c,Jazz/Hard Bop/Free Jazz/Bebop/Cool Jazz/Jazz Blues
4N05pFxj2VlUIsTdTrc904,13vOj4n0shZtxuPqrw00iP,2hGh5VOeeqimQFxqXvfCUf,John Coltrane,Introduction And Announcements - Introduction 1 / Live At The Half Note,"One Down, One Up: Live At The Half Note",Album,2005-01-01,"Introduction And Announcements - Introduction 1 / Live At The Half Note (01:36)/One Down, One Up - Live At The Half Note (27:39)/Announcements - Announcement 1 / Live At The Half Note (00:51)/Afro-Blue - Live At The Half Note (12:44)/Introduction And Announcements - Introduction 2 / Live At The Half Note (00:43)/Song Of Praise - Live At The Half Note (19:38)/Announcements - Announcement 2 / Live At The Half Note (00:43)/My Favorite Things - Live At The Half Note (22:47",https://i.scdn.co/image/ab67616d00001e02e5289ce7df26c204302d669c,Jazz/Hard Bop/Free Jazz/Bebop/Cool Jazz/Jazz Blues
6ZJdpaqHQGvJj6NQ3GuITN,1wL2hJoek6UmeP0GLx9VnZ,2hGh5VOeeqimQFxqXvfCUf,John Coltrane,Time After Time,Stardust [Rudy Van Gelder edition],Album,2007-01-01,Stardust - Rudy Van Gelder Remaster (10:41)/Time After Time (07:41)/Love Thy Neighbor (09:19)/Then I'll Be Tired Of You (09:27,https://i.scdn.co/image/ab67616d00001e02cfd5fe29109b7f78a1a29893,Jazz/Hard Bop/Free Jazz/Bebop/Cool Jazz/Jazz Blues
2CcP08PDajq12CLNiafoKV,7lRcWdFIW2mrDOu0igcfR0,6ra4GIOgCZQZMOaUECftGN,Frank Zappa,Nine Types Of Industrial Pollution,Uncle Meat,Album,1969-04-21,"Uncle Meat: Main Title Theme (01:56)/The Voice Of Cheese (00:26)/Nine Types Of Industrial Pollution (06:00)/Zolar Czakl (00:54)/Dog Breath, In The Year Of The Plague (03:59)/The Legend Of The Golden Arches (03:27)/Louie Louie - Live At The Royal Albert Hall, London/1967 (02:19)/The Dog Breath Variations (01:48)/Sleeping In A Jar (00:50)/Our Bizarre Relationship (01:05)/The Uncle Meat Variations (04:46)/Electric Aunt Jemima (01:46)/Prelude To King Kong (03:38)/God Bless America - Live At The Whisky A Go Go/1968 (01:10)/A Pound For A Brown On The Bus (01:29)/Ian Underwood Whips It Out - Live At The Falkoner Theater, Copenhagen/1967 (05:05)/Mr. Green Genes (03:13)/We Can Shoot You (02:03)/If We'd All Been Living In California (01:13)/The Air (02:57)/Project X (04:49)/Cruisin' For Burgers (02:21)/Uncle Meat Film Excerpt Part I (37:35)/Tengo Na Minchia Tanta (03:46)/Uncle Meat Film Excerpt Part II (03:51)/King Kong Itself (as played by the Mothers in a studio) (00:51)/King Kong (Its Magnificence As Interpreted By Dom DeWild) (01:19)/King Kong (As Motorhead Explains It) (01:44)/King Kong (The Gardner Varieties) (06:20)/King Kong (As Played By 3 Deranged Good Humor Trucks) (00:31)/King Kong (Live On A Flat Bed Diesel In The Middle Of A Race Track At A Miami Pop Festival...The Underwood Remifications) (07:28",https://i.scdn.co/image/ab67616d00001e02aafe320f53908021da2349ba,Progressive Rock/Art Rock/Jazz Fusion/Psychedelic Rock/Avant-garde/Experimental/Symphonic Rock
1XTISXdLJLRXKNc0suhnZV,7lRcWdFIW2mrDOu0igcfR0,6ra4GIOgCZQZMOaUECftGN,Frank Zappa,The Voice Of Cheese,Uncle Meat,Album,1969-04-21,"Uncle Meat: Main Title Theme (01:56)/The Voice Of Cheese (00:26)/Nine Types Of Industrial Pollution (06:00)/Zolar Czakl (00:54)/Dog Breath, In The Year Of The Plague (03:59)/The Legend Of The Golden Arches (03:27)/Louie Louie - Live At The Royal Albert Hall, London/1967 (02:19)/The Dog Breath Variations (01:48)/Sleeping In A Jar (00:50)/Our Bizarre Relationship (01:05)/The Uncle Meat Variations (04:46)/Electric Aunt Jemima (01:46)/Prelude To King Kong (03:38)/God Bless America - Live At The Whisky A Go Go/1968 (01:10)/A Pound For A Brown On The Bus (01:29)/Ian Underwood Whips It Out - Live At The Falkoner Theater, Copenhagen/1967 (05:05)/Mr. Green Genes (03:13)/We Can Shoot You (02:03)/If We'd All Been Living In California (01:13)/The Air (02:57)/Project X (04:49)/Cruisin' For Burgers (02:21)/Uncle Meat Film Excerpt Part I (37:35)/Tengo Na Minchia Tanta (03:46)/Uncle Meat Film Excerpt Part II (03:51)/King Kong Itself (as played by the Mothers in a studio) (00:51)/King Kong (Its Magnificence As Interpreted By Dom DeWild) (01:19)/King Kong (As Motorhead Explains It) (01:44)/King Kong (The Gardner Varieties) (06:20)/King Kong (As Played By 3 Deranged Good Humor Trucks) (00:31)/King Kong (Live On A Flat Bed Diesel In The Middle Of A Race Track At A Miami Pop Festival...The Underwood Remifications) (07:28",https://i.scdn.co/image/ab67616d00001e02aafe320f53908021da2349ba,Progressive Rock/Art Rock/Jazz Fusion/Psychedelic Rock/Avant-garde/Experimental/Symphonic Rock
65MwB4COqLosiXDMYnGhRY,7lRcWdFIW2mrDOu0igcfR0,6ra4GIOgCZQZMOaUECftGN,Frank Zappa,Uncle Meat: Main Title Theme,Uncle Meat,Album,1969-04-21,"Uncle Meat: Main Title Theme (01:56)/The Voice Of Cheese (00:26)/Nine Types Of Industrial Pollution (06:00)/Zolar Czakl (00:54)/Dog Breath, In The Year Of The Plague (03:59)/The Legend Of The Golden Arches (03:27)/Louie Louie - Live At The Royal Albert Hall, London/1967 (02:19)/The Dog Breath Variations (01:48)/Sleeping In A Jar (00:50)/Our Bizarre Relationship (01:05)/The Uncle Meat Variations (04:46)/Electric Aunt Jemima (01:46)/Prelude To King Kong (03:38)/God Bless America - Live At The Whisky A Go Go/1968 (01:10)/A Pound For A Brown On The Bus (01:29)/Ian Underwood Whips It Out - Live At The Falkoner Theater, Copenhagen/1967 (05:05)/Mr. Green Genes (03:13)/We Can Shoot You (02:03)/If We'd All Been Living In California (01:13)/The Air (02:57)/Project X (04:49)/Cruisin' For Burgers (02:21)/Uncle Meat Film Excerpt Part I (37:35)/Tengo Na Minchia Tanta (03:46)/Uncle Meat Film Excerpt Part II (03:51)/King Kong Itself (as played by the Mothers in a studio) (00:51)/King Kong (Its Magnificence As Interpreted By Dom DeWild) (01:19)/King Kong (As Motorhead Explains It) (01:44)/King Kong (The Gardner Varieties) (06:20)/King Kong (As Played By 3 Deranged Good Humor Trucks) (00:31)/King Kong (Live On A Flat Bed Diesel In The Middle Of A Race Track At A Miami Pop Festival...The Underwood Remifications) (07:28",https://i.scdn.co/image/ab67616d00001e02aafe320f53908021da2349ba,Progressive Rock/Art Rock/Jazz Fusion/Psychedelic Rock/Avant-garde/Experimental/Symphonic Rock
2WeRy1nUg1j0lzWe8VhkC6,3S5MLt9uoIGx9GialSuBq6,6ra4GIOgCZQZMOaUECftGN,Frank Zappa,Deseri,Cruising With Ruben & The Jets,Album,1968-12-02,Cheap Thrills (02:39)/Love Of My Life (03:08)/How Could I Be Such A Fool (03:34)/Deseri (02:08)/I'm Not Satisfied (04:08)/Jelly Roll Gum Drop (02:24)/Anything (03:05)/Later That Night (03:00)/You Didn't Try To Call Me (03:57)/Fountain Of Love (03:22)/No. No. No. (02:15)/Anyway The Wind Blows (03:01)/Stuff Up The Cracks (04:39,https://i.scdn.co/image/ab67616d00001e02f8d437fbe39a921c433d03c8,Progressive Rock/Art Rock/Jazz Fusion/Psychedelic Rock/Avant-garde/Experimental/Symphonic Rock
0ongCDNtgI19em8txHsXRy,3S5MLt9uoIGx9GialSuBq6,6ra4GIOgCZQZMOaUECftGN,Frank Zappa,How Could I Be Such A Fool,Cruising With Ruben & The Jets,Album,1968-12-02,Cheap Thrills (02:39)/Love Of My Life (03:08)/How Could I Be Such A Fool (03:34)/Deseri (02:08)/I'm Not Satisfied (04:08)/Jelly Roll Gum Drop (02:24)/Anything (03:05)/Later That Night (03:00)/You Didn't Try To Call Me (03:57)/Fountain Of Love (03:22)/No. No. No. (02:15)/Anyway The Wind Blows (03:01)/Stuff Up The Cracks (04:39,https://i.scdn.co/image/ab67616d00001e02f8d437fbe39a921c433d03c8,Progressive Rock/Art Rock/Jazz Fusion/Psychedelic Rock/Avant-garde/Experimental/Symphonic Rock
2XOdh3xaiOIcWTBpIaDjOH,3S5MLt9uoIGx9GialSuBq6,6ra4GIOgCZQZMOaUECftGN,Frank Zappa,Love Of My Life,Cruising With Ruben & The Jets,Album,1968-12-02,Cheap Thrills (02:39)/Love Of My Life (03:08)/How Could I Be Such A Fool (03:34)/Deseri (02:08)/I'm Not Satisfied (04:08)/Jelly Roll Gum Drop (02:24)/Anything (03:05)/Later That Night (03:00)/You Didn't Try To Call Me (03:57)/Fountain Of Love (03:22)/No. No. No. (02:15)/Anyway The Wind Blows (03:01)/Stuff Up The Cracks (04:39,https://i.scdn.co/image/ab67616d00001e02f8d437fbe39a921c433d03c8,Progressive Rock/Art Rock/Jazz Fusion/Psychedelic Rock/Avant-garde/Experimental/Symphonic Rock
3XjbKcULhaRFTWcvzFY7OC,4VzRaSdKOXscjw5v3sur81,4lianjyuR1tqf6oUX8kjrZ,Franco Battiato,Il Potere Del Canto,Ferro Battuto,Album,2001-04-13,Running Against The Grain (03:41)/Bist Du Bei Mir (04:19)/La quiete dopo un addio (03:54)/Personalità Empirica (03:34)/Il cammino interminabile (03:44)/Lontananze D'Azzurro (03:28)/Hey Joe (03:33)/Sarcofagia (03:42)/Scherzo in minore (03:21)/Il Potere Del Canto (04:03)/Öde (07:05,https://i.scdn.co/image/ab67616d00001e028fce06487f0b979fb9d8d77a,Italian Singer-songwriter/Singer-songwriter
1tNsEnoJLHTYhqeDvWzbKg,4VzRaSdKOXscjw5v3sur81,4lianjyuR1tqf6oUX8kjrZ,Franco Battiato,Scherzo in minore,Ferro Battuto,Album,2001-04-13,Running Against The Grain (03:41)/Bist Du Bei Mir (04:19)/La quiete dopo un addio (03:54)/Personalità Empirica (03:34)/Il cammino interminabile (03:44)/Lontananze D'Azzurro (03:28)/Hey Joe (03:33)/Sarcofagia (03:42)/Scherzo in minore (03:21)/Il Potere Del Canto (04:03)/Öde (07:05,https://i.scdn.co/image/ab67616d00001e028fce06487f0b979fb9d8d77a,Italian Singer-songwriter/Singer-songwriter
5WPfU9TAfTqZ3Trk4U1Nms,1Q3kfxbwLoF0wELqi2KrkS,0sihhSAp2JQBQ2oqapkVxV,Logos,Epilogo (2023 Remastered Version),Bokeh,Album,2023-11-17,"Il grande fiume (2023 Remix) (18:06)/Arc en ciel (2023 Remix) (02:36)/Sentiero nel prato, porta nell'universo (2023 Remix) (09:47)/Un giorno (2023 Remix) (05:19)/In una nuova terra? (2023 Remix) (04:40)/Arc en ciel 2 (2023 Remix) (02:36)/Prologo (2023 Remastered Version) (05:04)/Ezra Pound (2023 Remastered Version) (07:15)/'99 (2023 Remastered Version) (10:46)/La leggerezza della libertà (2023 Remastered Version) (02:50)/Asrava (2023 Remastered Version) (09:08)/Terra incognita (2023 Remastered Version) (07:49)/Epilogo (2023 Remastered Version) (03:35",https://i.scdn.co/image/ab67616d00001e024484c45f75fee5aebf6787a2,Progressive Rock/Art Rock
3FK1NhyktJp0Nav4YQ70wy,1KqjFxlP8j40TXaVlupe0s,4lianjyuR1tqf6oUX8kjrZ,Franco Battiato,Oh Sweet Were The Hours - Remastered,Como Un Camello En Un Canalon (Remastered),Album,1993,Pobre Patria - Remastered (03:43)/Sagradas Sinfonias Del Tiempo - Remastered (03:44)/Como Un Camello En Un Canalon - Remastered (03:29)/La Sombra De La Luz - Remastered (04:52)/Schmerzen - Remastered (02:48)/Plaisir D'Amour - Remastered (03:55)/Gestillte Sehnsucht - Remastered (05:45)/Oh Sweet Were The Hours - Remastered (03:39,https://i.scdn.co/image/ab67616d00001e02c87ebb5e9978a3a85c9bae1a,Italian Singer-songwriter/Singer-songwriter
1suorELeXIm3oOGm6WaHCM,1KqjFxlP8j40TXaVlupe0s,4lianjyuR1tqf6oUX8kjrZ,Franco Battiato,Gestillte Sehnsucht - Remastered,Como Un Camello En Un Canalon (Remastered),Album,1993,Pobre Patria - Remastered (03:43)/Sagradas Sinfonias Del Tiempo - Remastered (03:44)/Como Un Camello En Un Canalon - Remastered (03:29)/La Sombra De La Luz - Remastered (04:52)/Schmerzen - Remastered (02:48)/Plaisir D'Amour - Remastered (03:55)/Gestillte Sehnsucht - Remastered (05:45)/Oh Sweet Were The Hours - Remastered (03:39,https://i.scdn.co/image/ab67616d00001e02c87ebb5e9978a3a85c9bae1a,Italian Singer-songwriter/Singer-songwriter
743KInv5knd9RNIbf0ZFWv,1Q3kfxbwLoF0wELqi2KrkS,0sihhSAp2JQBQ2oqapkVxV,Logos,Terra incognita (2023 Remastered Version),Bokeh,Album,2023-11-17,"Il grande fiume (2023 Remix) (18:06)/Arc en ciel (2023 Remix) (02:36)/Sentiero nel prato, porta nell'universo (2023 Remix) (09:47)/Un giorno (2023 Remix) (05:19)/In una nuova terra? (2023 Remix) (04:40)/Arc en ciel 2 (2023 Remix) (02:36)/Prologo (2023 Remastered Version) (05:04)/Ezra Pound (2023 Remastered Version) (07:15)/'99 (2023 Remastered Version) (10:46)/La leggerezza della libertà (2023 Remastered Version) (02:50)/Asrava (2023 Remastered Version) (09:08)/Terra incognita (2023 Remastered Version) (07:49)/Epilogo (2023 Remastered Version) (03:35",https://i.scdn.co/image/ab67616d00001e024484c45f75fee5aebf6787a2,Progressive Rock/Art Rock
0P2h0qWNL6Nyc4RqNtqdaN,1Q3kfxbwLoF0wELqi2KrkS,0sihhSAp2JQBQ2oqapkVxV,Logos,Asrava (2023 Remastered Version),Bokeh,Album,2023-11-17,"Il grande fiume (2023 Remix) (18:06)/Arc en ciel (2023 Remix) (02:36)/Sentiero nel prato, porta nell'universo (2023 Remix) (09:47)/Un giorno (2023 Remix) (05:19)/In una nuova terra? (2023 Remix) (04:40)/Arc en ciel 2 (2023 Remix) (02:36)/Prologo (2023 Remastered Version) (05:04)/Ezra Pound (2023 Remastered Version) (07:15)/'99 (2023 Remastered Version) (10:46)/La leggerezza della libertà (2023 Remastered Version) (02:50)/Asrava (2023 Remastered Version) (09:08)/Terra incognita (2023 Remastered Version) (07:49)/Epilogo (2023 Remastered Version) (03:35",https://i.scdn.co/image/ab67616d00001e024484c45f75fee5aebf6787a2,Progressive Rock/Art Rock
5K9jL0M4x5sCjujENxFofk,1Q3kfxbwLoF0wELqi2KrkS,0sihhSAp2JQBQ2oqapkVxV,Logos,La leggerezza della libertà (2023 Remastered Version),Bokeh,Album,2023-11-17,"Il grande fiume (2023 Remix) (18:06)/Arc en ciel (2023 Remix) (02:36)/Sentiero nel prato, porta nell'universo (2023 Remix) (09:47)/Un giorno (2023 Remix) (05:19)/In una nuova terra? (2023 Remix) (04:40)/Arc en ciel 2 (2023 Remix) (02:36)/Prologo (2023 Remastered Version) (05:04)/Ezra Pound (2023 Remastered Version) (07:15)/'99 (2023 Remastered Version) (10:46)/La leggerezza della libertà (2023 Remastered Version) (02:50)/Asrava (2023 Remastered Version) (09:08)/Terra incognita (2023 Remastered Version) (07:49)/Epilogo (2023 Remastered Version) (03:35",https://i.scdn.co/image/ab67616d00001e024484c45f75fee5aebf6787a2,Progressive Rock/Art Rock
7htfBcBvgKeGVXYxfx2xFA,1Q3kfxbwLoF0wELqi2KrkS,0sihhSAp2JQBQ2oqapkVxV,Logos,'99 (2023 Remastered Version),Bokeh,Album,2023-11-17,"Il grande fiume (2023 Remix) (18:06)/Arc en ciel (2023 Remix) (02:36)/Sentiero nel prato, porta nell'universo (2023 Remix) (09:47)/Un giorno (2023 Remix) (05:19)/In una nuova terra? (2023 Remix) (04:40)/Arc en ciel 2 (2023 Remix) (02:36)/Prologo (2023 Remastered Version) (05:04)/Ezra Pound (2023 Remastered Version) (07:15)/'99 (2023 Remastered Version) (10:46)/La leggerezza della libertà (2023 Remastered Version) (02:50)/Asrava (2023 Remastered Version) (09:08)/Terra incognita (2023 Remastered Version) (07:49)/Epilogo (2023 Remastered Version) (03:35",https://i.scdn.co/image/ab67616d00001e024484c45f75fee5aebf6787a2,Progressive Rock/Art Rock
3UDk7GHjm739z2byv8k6PU,1Q3kfxbwLoF0wELqi2KrkS,0sihhSAp2JQBQ2oqapkVxV,Logos,Ezra Pound (2023 Remastered Version),Bokeh,Album,2023-11-17,"Il grande fiume (2023 Remix) (18:06)/Arc en ciel (2023 Remix) (02:36)/Sentiero nel prato, porta nell'universo (2023 Remix) (09:47)/Un giorno (2023 Remix) (05:19)/In una nuova terra? (2023 Remix) (04:40)/Arc en ciel 2 (2023 Remix) (02:36)/Prologo (2023 Remastered Version) (05:04)/Ezra Pound (2023 Remastered Version) (07:15)/'99 (2023 Remastered Version) (10:46)/La leggerezza della libertà (2023 Remastered Version) (02:50)/Asrava (2023 Remastered Version) (09:08)/Terra incognita (2023 Remastered Version) (07:49)/Epilogo (2023 Remastered Version) (03:35",https://i.scdn.co/image/ab67616d00001e024484c45f75fee5aebf6787a2,Progressive Rock/Art Rock
3CYdYSc42Bx6D52mNlbHMu,1Q3kfxbwLoF0wELqi2KrkS,0sihhSAp2JQBQ2oqapkVxV,Logos,Prologo (2023 Remastered Version),Bokeh,Album,2023-11-17,"Il grande fiume (2023 Remix) (18:06)/Arc en ciel (2023 Remix) (02:36)/Sentiero nel prato, porta nell'universo (2023 Remix) (09:47)/Un giorno (2023 Remix) (05:19)/In una nuova terra? (2023 Remix) (04:40)/Arc en ciel 2 (2023 Remix) (02:36)/Prologo (2023 Remastered Version) (05:04)/Ezra Pound (2023 Remastered Version) (07:15)/'99 (2023 Remastered Version) (10:46)/La leggerezza della libertà (2023 Remastered Version) (02:50)/Asrava (2023 Remastered Version) (09:08)/Terra incognita (2023 Remastered Version) (07:49)/Epilogo (2023 Remastered Version) (03:35",https://i.scdn.co/image/ab67616d00001e024484c45f75fee5aebf6787a2,Progressive Rock/Art Rock
4iNjJNcibSvB1TvpYaBYo9,1Q3kfxbwLoF0wELqi2KrkS,0sihhSAp2JQBQ2oqapkVxV,Logos,Arc en ciel 2 (2023 Remix),Bokeh,Album,2023-11-17,"Il grande fiume (2023 Remix) (18:06)/Arc en ciel (2023 Remix) (02:36)/Sentiero nel prato, porta nell'universo (2023 Remix) (09:47)/Un giorno (2023 Remix) (05:19)/In una nuova terra? (2023 Remix) (04:40)/Arc en ciel 2 (2023 Remix) (02:36)/Prologo (2023 Remastered Version) (05:04)/Ezra Pound (2023 Remastered Version) (07:15)/'99 (2023 Remastered Version) (10:46)/La leggerezza della libertà (2023 Remastered Version) (02:50)/Asrava (2023 Remastered Version) (09:08)/Terra incognita (2023 Remastered Version) (07:49)/Epilogo (2023 Remastered Version) (03:35",https://i.scdn.co/image/ab67616d00001e024484c45f75fee5aebf6787a2,Progressive Rock/Art Rock
3Q2bZxxz2xEftFV7feGcpN,1Q3kfxbwLoF0wELqi2KrkS,0sihhSAp2JQBQ2oqapkVxV,Logos,Un giorno (2023 Remix),Bokeh,Album,2023-11-17,"Il grande fiume (2023 Remix) (18:06)/Arc en ciel (2023 Remix) (02:36)/Sentiero nel prato, porta nell'universo (2023 Remix) (09:47)/Un giorno (2023 Remix) (05:19)/In una nuova terra? (2023 Remix) (04:40)/Arc en ciel 2 (2023 Remix) (02:36)/Prologo (2023 Remastered Version) (05:04)/Ezra Pound (2023 Remastered Version) (07:15)/'99 (2023 Remastered Version) (10:46)/La leggerezza della libertà (2023 Remastered Version) (02:50)/Asrava (2023 Remastered Version) (09:08)/Terra incognita (2023 Remastered Version) (07:49)/Epilogo (2023 Remastered Version) (03:35",https://i.scdn.co/image/ab67616d00001e024484c45f75fee5aebf6787a2,Progressive Rock/Art Rock
0kVMF0D8RSi2cTowFIwdo5,7A0JcNzfXqrWXFoFv7TAsC,2hGh5VOeeqimQFxqXvfCUf,John Coltrane,Joy - Alternate Version,First Meditations (Expanded Edition),Album,1977-12-01,Love (08:04)/Compassion (09:32)/Joy (08:52)/Consequences (07:21)/Serenity (06:12)/Joy - Alternate Version (12:14,https://i.scdn.co/image/ab67616d00001e02c886efe0f0e719b057e09924,Jazz/Hard Bop/Free Jazz/Bebop/Cool Jazz/Jazz Blues
385oFBmR10KopjBQHFggC2,7A0JcNzfXqrWXFoFv7TAsC,2hGh5VOeeqimQFxqXvfCUf,John Coltrane,Serenity,First Meditations (Expanded Edition),Album,1977-12-01,Love (08:04)/Compassion (09:32)/Joy (08:52)/Consequences (07:21)/Serenity (06:12)/Joy - Alternate Version (12:14,https://i.scdn.co/image/ab67616d00001e02c886efe0f0e719b057e09924,Jazz/Hard Bop/Free Jazz/Bebop/Cool Jazz/Jazz Blues
5wwPIQBoHAgFWRRShl1RKi,7A0JcNzfXqrWXFoFv7TAsC,2hGh5VOeeqimQFxqXvfCUf,John Coltrane,Consequences,First Meditations (Expanded Edition),Album,1977-12-01,Love (08:04)/Compassion (09:32)/Joy (08:52)/Consequences (07:21)/Serenity (06:12)/Joy - Alternate Version (12:14,https://i.scdn.co/image/ab67616d00001e02c886efe0f0e719b057e09924,Jazz/Hard Bop/Free Jazz/Bebop/Cool Jazz/Jazz Blues
3ZWmBEx63Z1okrvMnFP6Xd,7A0JcNzfXqrWXFoFv7TAsC,2hGh5VOeeqimQFxqXvfCUf,John Coltrane,Joy,First Meditations (Expanded Edition),Album,1977-12-01,Love (08:04)/Compassion (09:32)/Joy (08:52)/Consequences (07:21)/Serenity (06:12)/Joy - Alternate Version (12:14,https://i.scdn.co/image/ab67616d00001e02c886efe0f0e719b057e09924,Jazz/Hard Bop/Free Jazz/Bebop/Cool Jazz/Jazz Blues
723HjkXO2WcxvlS0lMGLtj,7A0JcNzfXqrWXFoFv7TAsC,2hGh5VOeeqimQFxqXvfCUf,John Coltrane,Compassion,First Meditations (Expanded Edition),Album,1977-12-01,Love (08:04)/Compassion (09:32)/Joy (08:52)/Consequences (07:21)/Serenity (06:12)/Joy - Alternate Version (12:14,https://i.scdn.co/image/ab67616d00001e02c886efe0f0e719b057e09924,Jazz/Hard Bop/Free Jazz/Bebop/Cool Jazz/Jazz Blues
6fdLlJJC7D4wkeRVAXR6tK,012Zmc4xCOiJaR4wlnbtWg,2hGh5VOeeqimQFxqXvfCUf,John Coltrane,Straight Street - Rudy Van Gelder Remaster,Coltrane [Rudy Van Gelder Remaster],Album,1957,Bakai - Rudy Van Gelder Remaster (08:41)/Violets For Your Furs - Rudy Van Gelder Remaster (06:15)/Time Was - Rudy Van Gelder Remaster (07:27)/Straight Street - Rudy Van Gelder Remaster (06:17)/While My Lady Sleeps - Rudy Van Gelder Remaster (04:41)/Chronic Blues - Rudy Van Gelder Remaster (08:14,https://i.scdn.co/image/ab67616d00001e025ed8f0c0d4cb04f0b883a4f6,Jazz/Hard Bop/Free Jazz/Bebop/Cool Jazz/Jazz Blues
7aubHMiL85lZyppYOOwbwu,4jTDjHLMFCHWrjuP1qmCf4,2hGh5VOeeqimQFxqXvfCUf,John Coltrane,Countdown - 2020 Remaster,Giant Steps (60th Anniversary Super Deluxe Edition) [2020 Remaster],Album,2020-09-18,"Giant Steps - 2020 Remaster (04:47)/Cousin Mary - 2020 Remaster (05:50)/Countdown - 2020 Remaster (02:25)/Spiral - 2020 Remaster (05:59)/Syeeda's Song Flute - 2020 Remaster (07:06)/Naima - 2020 Remaster (04:25)/Mr. P.C. - 2020 Remaster (06:57)/Giant Steps (Alternate, Take 1, Incomplete) - 2020 Remaster (04:39)/Giant Steps (Alternate, Take 2, False Start) - 2020 Remaster (00:13)/Giant Steps (Alternate, Take 3, Incomplete) - 2020 Remaster (02:42)/Giant Steps (Alternate, Take 4, Incomplete) - 2020 Remaster (01:25)/Giant Steps (Alternate, Take 5) - 2020 Remaster (03:38)/Giant Steps (Alternate, Take 6, False Start) - 2020 Remaster (00:34)/Giant Steps (Alternate, Take 7, Incomplete) - 2020 Remaster (04:02)/Giant Steps (Alternate, Take 8) - 2020 Remaster (03:46)/Naima (Alternate, Take 1, False Start) - 2020 Remaster (03:31)/Naima (Alternate, Take 2, Incomplete) - 2020 Remaster (03:18)/Naima (Alternate, Take 3) - 2020 Remaster (04:36)/Naima (Alternate, Take 4, False Start) - 2020 Remaster (00:17)/Naima (Alternate, Take 5) - 2020 Remaster (03:39)/Naima (Alternate, Take 6) - 2020 Remaster (03:34)/Like Sonny (Rehearsal 1, False Start) - 2020 Remaster (00:25)/Like Sonny (Rehearsal 2, Incomplete) - 2020 Remaster (01:23)/Like Sonny (Alternate, Take 1, False Start) - 2020 Remaster (00:24)/Like Sonny (Alternate, Take 2, Incomplete) - 2020 Remaster (03:07)/Like Sonny (Alternate, Take 3, Incomplete) - 2020 Remaster (01:09)/Like Sonny (Alternate, Take 4, False Start) - 2020 Remaster (00:12)/Like Sonny (Alternate, Take 5) - 2020 Remaster (08:23)/Like Sonny (Alternate, Take 6, Incomplete) - 2020 Remaster (01:16)/Like Sonny (Alternate, Take 7) - 2020 Remaster (06:25)/Countdown (Alternate Take) - 2020 Remaster (04:35)/Syeeda's Song Flute (Alternate Take) - 2020 Remaster (07:06)/Cousin Mary (Alternate Take) - 2020 Remaster (05:44)/Giant Steps, Take 3 (Incomplete) - 2020 Remaster (04:03)/Giant Steps (Take 6, Alternate) - 2020 Remaster (04:57",https://i.scdn.co/image/ab67616d00001e0242e6599f5eb197ed6420954a,Jazz/Hard Bop/Free Jazz/Bebop/Cool Jazz/Jazz Blues
28DkOS1AxI9H9VT5YHRtyz,1q3rQgShuowlnUcfKFxESq,2hGh5VOeeqimQFxqXvfCUf,John Coltrane,Just Friends - 1991 Digital Remaster,Coltrane Time,Album,1959,Shifting Down (10:43)/Just Friends - 1991 Digital Remaster (06:17)/Like Someone In Love - Remastered (08:14)/Double Clutching - Digital Remaster (08:23,https://i.scdn.co/image/ab67616d00001e021f02c76d5fde7e9364f7bbd5,Jazz/Hard Bop/Free Jazz/Bebop/Cool Jazz/Jazz Blues
1Rph9i0FWKDa9Aq9H4iiMx,1rYvimVGwIQgc5IhBwLBuX,2hGh5VOeeqimQFxqXvfCUf,John Coltrane,I'll Wait and Pray,Coltrane Jazz,Album,1961-02,Little Old Lady (04:28)/Village Blues (05:24)/My Shining Hour (04:48)/Fifth House (04:44)/Harmonique (04:14)/Like Sonny (05:51)/I'll Wait and Pray (03:26)/Some Other Blues (05:40)/Like Sonny - Alternate Take (06:07)/I'll Wait and Pray - Alternate Take (03:30)/Like Sonny - Alternate Take 5 (08:15)/Village Blues - Alternate Take (06:17,https://i.scdn.co/image/ab67616d00001e0228c5793a71627d37f75617a5,Jazz/Hard Bop/Free Jazz/Bebop/Cool Jazz/Jazz Blues
3WUVwdYEPeVyYWjNfCp0KQ,5vhyzhJXAtm6UbZNlWo5Wa,2hGh5VOeeqimQFxqXvfCUf,John Coltrane,"A Love Supreme, Pt. IV - Psalm - Live","A Love Supreme, Pt. IV - Psalm (Live In Seattle)",Single,2021-08-26,"A Love Supreme, Pt. IV - Psalm - Live (06:39",https://i.scdn.co/image/ab67616d00001e02edf98aa73aaf8f7a40a6bfdb,Jazz/Hard Bop/Free Jazz/Bebop/Cool Jazz/Jazz Blues
15t5z0X7ZxIIOeEgVt1xvN,6D8Apauuemk0IFU035OsJv,2KUvztaZ23NwLaNMD2qElz,Hamid Baroudi,Anarchie,Five,Album,2004-07-01,Trance Dance (04:02)/Alone (04:51)/Tell Me (04:38)/Lila (05:23)/Casablanca Exile (06:32)/Columbus (04:11)/Anarchie (04:00)/Tea in Marrakesh (04:26)/Macumba (03:48)/Mama Tamba (11:49,https://i.scdn.co/image/ab67616d00001e0258e6b498b5ebbe99fa7f2423,Raï/Gnawa/Algerian Chaabi
4qBrevf1tDMbZ7hwv7h4pP,6D8Apauuemk0IFU035OsJv,2KUvztaZ23NwLaNMD2qElz,Hamid Baroudi,Columbus,Five,Album,2004-07-01,Trance Dance (04:02)/Alone (04:51)/Tell Me (04:38)/Lila (05:23)/Casablanca Exile (06:32)/Columbus (04:11)/Anarchie (04:00)/Tea in Marrakesh (04:26)/Macumba (03:48)/Mama Tamba (11:49,https://i.scdn.co/image/ab67616d00001e0258e6b498b5ebbe99fa7f2423,Raï/Gnawa/Algerian Chaabi
3vKUkDHZJoF0zvtLXGrnOn,6D8Apauuemk0IFU035OsJv,2KUvztaZ23NwLaNMD2qElz,Hamid Baroudi,Casablanca Exile,Five,Album,2004-07-01,Trance Dance (04:02)/Alone (04:51)/Tell Me (04:38)/Lila (05:23)/Casablanca Exile (06:32)/Columbus (04:11)/Anarchie (04:00)/Tea in Marrakesh (04:26)/Macumba (03:48)/Mama Tamba (11:49,https://i.scdn.co/image/ab67616d00001e0258e6b498b5ebbe99fa7f2423,Raï/Gnawa/Algerian Chaabi
24sjFrL5FkQNEE0uqudGnu,6D8Apauuemk0IFU035OsJv,2KUvztaZ23NwLaNMD2qElz,Hamid Baroudi,Lila,Five,Album,2004-07-01,Trance Dance (04:02)/Alone (04:51)/Tell Me (04:38)/Lila (05:23)/Casablanca Exile (06:32)/Columbus (04:11)/Anarchie (04:00)/Tea in Marrakesh (04:26)/Macumba (03:48)/Mama Tamba (11:49,https://i.scdn.co/image/ab67616d00001e0258e6b498b5ebbe99fa7f2423,Raï/Gnawa/Algerian Chaabi
55ohhYGtGf5W7zLwgGhhaf,6D8Apauuemk0IFU035OsJv,2KUvztaZ23NwLaNMD2qElz,Hamid Baroudi,Tell Me,Five,Album,2004-07-01,Trance Dance (04:02)/Alone (04:51)/Tell Me (04:38)/Lila (05:23)/Casablanca Exile (06:32)/Columbus (04:11)/Anarchie (04:00)/Tea in Marrakesh (04:26)/Macumba (03:48)/Mama Tamba (11:49,https://i.scdn.co/image/ab67616d00001e0258e6b498b5ebbe99fa7f2423,Raï/Gnawa/Algerian Chaabi
1VsdYbLRYwwB5DzcXj09Rm,6D8Apauuemk0IFU035OsJv,2KUvztaZ23NwLaNMD2qElz,Hamid Baroudi,Alone,Five,Album,2004-07-01,Trance Dance (04:02)/Alone (04:51)/Tell Me (04:38)/Lila (05:23)/Casablanca Exile (06:32)/Columbus (04:11)/Anarchie (04:00)/Tea in Marrakesh (04:26)/Macumba (03:48)/Mama Tamba (11:49,https://i.scdn.co/image/ab67616d00001e0258e6b498b5ebbe99fa7f2423,Raï/Gnawa/Algerian Chaabi
2NUtG54By5uLZ56lIh75vu,6D8Apauuemk0IFU035OsJv,2KUvztaZ23NwLaNMD2qElz,Hamid Baroudi,Trance Dance,Five,Album,2004-07-01,Trance Dance (04:02)/Alone (04:51)/Tell Me (04:38)/Lila (05:23)/Casablanca Exile (06:32)/Columbus (04:11)/Anarchie (04:00)/Tea in Marrakesh (04:26)/Macumba (03:48)/Mama Tamba (11:49,https://i.scdn.co/image/ab67616d00001e0258e6b498b5ebbe99fa7f2423,Raï/Gnawa/Algerian Chaabi
2er9twDVl0pCNCKCGkLrsC,7lRcWdFIW2mrDOu0igcfR0,6ra4GIOgCZQZMOaUECftGN,Frank Zappa,Mr. Green Genes,Uncle Meat,Album,1969-04-21,"Uncle Meat: Main Title Theme (01:56)/The Voice Of Cheese (00:26)/Nine Types Of Industrial Pollution (06:00)/Zolar Czakl (00:54)/Dog Breath, In The Year Of The Plague (03:59)/The Legend Of The Golden Arches (03:27)/Louie Louie - Live At The Royal Albert Hall, London/1967 (02:19)/The Dog Breath Variations (01:48)/Sleeping In A Jar (00:50)/Our Bizarre Relationship (01:05)/The Uncle Meat Variations (04:46)/Electric Aunt Jemima (01:46)/Prelude To King Kong (03:38)/God Bless America - Live At The Whisky A Go Go/1968 (01:10)/A Pound For A Brown On The Bus (01:29)/Ian Underwood Whips It Out - Live At The Falkoner Theater, Copenhagen/1967 (05:05)/Mr. Green Genes (03:13)/We Can Shoot You (02:03)/If We'd All Been Living In California (01:13)/The Air (02:57)/Project X (04:49)/Cruisin' For Burgers (02:21)/Uncle Meat Film Excerpt Part I (37:35)/Tengo Na Minchia Tanta (03:46)/Uncle Meat Film Excerpt Part II (03:51)/King Kong Itself (as played by the Mothers in a studio) (00:51)/King Kong (Its Magnificence As Interpreted By Dom DeWild) (01:19)/King Kong (As Motorhead Explains It) (01:44)/King Kong (The Gardner Varieties) (06:20)/King Kong (As Played By 3 Deranged Good Humor Trucks) (00:31)/King Kong (Live On A Flat Bed Diesel In The Middle Of A Race Track At A Miami Pop Festival...The Underwood Remifications) (07:28",https://i.scdn.co/image/ab67616d00001e02aafe320f53908021da2349ba,Progressive Rock/Art Rock/Jazz Fusion/Psychedelic Rock/Avant-garde/Experimental/Symphonic Rock
0YYDUF3wSk2pLE7MNQfQiY,7lRcWdFIW2mrDOu0igcfR0,6ra4GIOgCZQZMOaUECftGN,Frank Zappa,"Ian Underwood Whips It Out - Live At The Falkoner Theater, Copenhagen/1967",Uncle Meat,Album,1969-04-21,"Uncle Meat: Main Title Theme (01:56)/The Voice Of Cheese (00:26)/Nine Types Of Industrial Pollution (06:00)/Zolar Czakl (00:54)/Dog Breath, In The Year Of The Plague (03:59)/The Legend Of The Golden Arches (03:27)/Louie Louie - Live At The Royal Albert Hall, London/1967 (02:19)/The Dog Breath Variations (01:48)/Sleeping In A Jar (00:50)/Our Bizarre Relationship (01:05)/The Uncle Meat Variations (04:46)/Electric Aunt Jemima (01:46)/Prelude To King Kong (03:38)/God Bless America - Live At The Whisky A Go Go/1968 (01:10)/A Pound For A Brown On The Bus (01:29)/Ian Underwood Whips It Out - Live At The Falkoner Theater, Copenhagen/1967 (05:05)/Mr. Green Genes (03:13)/We Can Shoot You (02:03)/If We'd All Been Living In California (01:13)/The Air (02:57)/Project X (04:49)/Cruisin' For Burgers (02:21)/Uncle Meat Film Excerpt Part I (37:35)/Tengo Na Minchia Tanta (03:46)/Uncle Meat Film Excerpt Part II (03:51)/King Kong Itself (as played by the Mothers in a studio) (00:51)/King Kong (Its Magnificence As Interpreted By Dom DeWild) (01:19)/King Kong (As Motorhead Explains It) (01:44)/King Kong (The Gardner Varieties) (06:20)/King Kong (As Played By 3 Deranged Good Humor Trucks) (00:31)/King Kong (Live On A Flat Bed Diesel In The Middle Of A Race Track At A Miami Pop Festival...The Underwood Remifications) (07:28",https://i.scdn.co/image/ab67616d00001e02aafe320f53908021da2349ba,Progressive Rock/Art Rock/Jazz Fusion/Psychedelic Rock/Avant-garde/Experimental/Symphonic Rock
71a0D0DG3RSzQ7FDeGQpHG,7lRcWdFIW2mrDOu0igcfR0,6ra4GIOgCZQZMOaUECftGN,Frank Zappa,A Pound For A Brown On The Bus,Uncle Meat,Album,1969-04-21,"Uncle Meat: Main Title Theme (01:56)/The Voice Of Cheese (00:26)/Nine Types Of Industrial Pollution (06:00)/Zolar Czakl (00:54)/Dog Breath, In The Year Of The Plague (03:59)/The Legend Of The Golden Arches (03:27)/Louie Louie - Live At The Royal Albert Hall, London/1967 (02:19)/The Dog Breath Variations (01:48)/Sleeping In A Jar (00:50)/Our Bizarre Relationship (01:05)/The Uncle Meat Variations (04:46)/Electric Aunt Jemima (01:46)/Prelude To King Kong (03:38)/God Bless America - Live At The Whisky A Go Go/1968 (01:10)/A Pound For A Brown On The Bus (01:29)/Ian Underwood Whips It Out - Live At The Falkoner Theater, Copenhagen/1967 (05:05)/Mr. Green Genes (03:13)/We Can Shoot You (02:03)/If We'd All Been Living In California (01:13)/The Air (02:57)/Project X (04:49)/Cruisin' For Burgers (02:21)/Uncle Meat Film Excerpt Part I (37:35)/Tengo Na Minchia Tanta (03:46)/Uncle Meat Film Excerpt Part II (03:51)/King Kong Itself (as played by the Mothers in a studio) (00:51)/King Kong (Its Magnificence As Interpreted By Dom DeWild) (01:19)/King Kong (As Motorhead Explains It) (01:44)/King Kong (The Gardner Varieties) (06:20)/King Kong (As Played By 3 Deranged Good Humor Trucks) (00:31)/King Kong (Live On A Flat Bed Diesel In The Middle Of A Race Track At A Miami Pop Festival...The Underwood Remifications) (07:28",https://i.scdn.co/image/ab67616d00001e02aafe320f53908021da2349ba,Progressive Rock/Art Rock/Jazz Fusion/Psychedelic Rock/Avant-garde/Experimental/Symphonic Rock
4DRVgWT62NDHQ8AP5p8FTq,7lRcWdFIW2mrDOu0igcfR0,6ra4GIOgCZQZMOaUECftGN,Frank Zappa,God Bless America - Live At The Whisky A Go Go/1968,Uncle Meat,Album,1969-04-21,"Uncle Meat: Main Title Theme (01:56)/The Voice Of Cheese (00:26)/Nine Types Of Industrial Pollution (06:00)/Zolar Czakl (00:54)/Dog Breath, In The Year Of The Plague (03:59)/The Legend Of The Golden Arches (03:27)/Louie Louie - Live At The Royal Albert Hall, London/1967 (02:19)/The Dog Breath Variations (01:48)/Sleeping In A Jar (00:50)/Our Bizarre Relationship (01:05)/The Uncle Meat Variations (04:46)/Electric Aunt Jemima (01:46)/Prelude To King Kong (03:38)/God Bless America - Live At The Whisky A Go Go/1968 (01:10)/A Pound For A Brown On The Bus (01:29)/Ian Underwood Whips It Out - Live At The Falkoner Theater, Copenhagen/1967 (05:05)/Mr. Green Genes (03:13)/We Can Shoot You (02:03)/If We'd All Been Living In California (01:13)/The Air (02:57)/Project X (04:49)/Cruisin' For Burgers (02:21)/Uncle Meat Film Excerpt Part I (37:35)/Tengo Na Minchia Tanta (03:46)/Uncle Meat Film Excerpt Part II (03:51)/King Kong Itself (as played by the Mothers in a studio) (00:51)/King Kong (Its Magnificence As Interpreted By Dom DeWild) (01:19)/King Kong (As Motorhead Explains It) (01:44)/King Kong (The Gardner Varieties) (06:20)/King Kong (As Played By 3 Deranged Good Humor Trucks) (00:31)/King Kong (Live On A Flat Bed Diesel In The Middle Of A Race Track At A Miami Pop Festival...The Underwood Remifications) (07:28",https://i.scdn.co/image/ab67616d00001e02aafe320f53908021da2349ba,Progressive Rock/Art Rock/Jazz Fusion/Psychedelic Rock/Avant-garde/Experimental/Symphonic Rock
4s3OIQuwM9AQrTzb2XZk2W,7lRcWdFIW2mrDOu0igcfR0,6ra4GIOgCZQZMOaUECftGN,Frank Zappa,Prelude To King Kong,Uncle Meat,Album,1969-04-21,"Uncle Meat: Main Title Theme (01:56)/The Voice Of Cheese (00:26)/Nine Types Of Industrial Pollution (06:00)/Zolar Czakl (00:54)/Dog Breath, In The Year Of The Plague (03:59)/The Legend Of The Golden Arches (03:27)/Louie Louie - Live At The Royal Albert Hall, London/1967 (02:19)/The Dog Breath Variations (01:48)/Sleeping In A Jar (00:50)/Our Bizarre Relationship (01:05)/The Uncle Meat Variations (04:46)/Electric Aunt Jemima (01:46)/Prelude To King Kong (03:38)/God Bless America - Live At The Whisky A Go Go/1968 (01:10)/A Pound For A Brown On The Bus (01:29)/Ian Underwood Whips It Out - Live At The Falkoner Theater, Copenhagen/1967 (05:05)/Mr. Green Genes (03:13)/We Can Shoot You (02:03)/If We'd All Been Living In California (01:13)/The Air (02:57)/Project X (04:49)/Cruisin' For Burgers (02:21)/Uncle Meat Film Excerpt Part I (37:35)/Tengo Na Minchia Tanta (03:46)/Uncle Meat Film Excerpt Part II (03:51)/King Kong Itself (as played by the Mothers in a studio) (00:51)/King Kong (Its Magnificence As Interpreted By Dom DeWild) (01:19)/King Kong (As Motorhead Explains It) (01:44)/King Kong (The Gardner Varieties) (06:20)/King Kong (As Played By 3 Deranged Good Humor Trucks) (00:31)/King Kong (Live On A Flat Bed Diesel In The Middle Of A Race Track At A Miami Pop Festival...The Underwood Remifications) (07:28",https://i.scdn.co/image/ab67616d00001e02aafe320f53908021da2349ba,Progressive Rock/Art Rock/Jazz Fusion/Psychedelic Rock/Avant-garde/Experimental/Symphonic Rock
2irnmo7f12pCnvmV4g0uBq,7lRcWdFIW2mrDOu0igcfR0,6ra4GIOgCZQZMOaUECftGN,Frank Zappa,Electric Aunt Jemima,Uncle Meat,Album,1969-04-21,"Uncle Meat: Main Title Theme (01:56)/The Voice Of Cheese (00:26)/Nine Types Of Industrial Pollution (06:00)/Zolar Czakl (00:54)/Dog Breath, In The Year Of The Plague (03:59)/The Legend Of The Golden Arches (03:27)/Louie Louie - Live At The Royal Albert Hall, London/1967 (02:19)/The Dog Breath Variations (01:48)/Sleeping In A Jar (00:50)/Our Bizarre Relationship (01:05)/The Uncle Meat Variations (04:46)/Electric Aunt Jemima (01:46)/Prelude To King Kong (03:38)/God Bless America - Live At The Whisky A Go Go/1968 (01:10)/A Pound For A Brown On The Bus (01:29)/Ian Underwood Whips It Out - Live At The Falkoner Theater, Copenhagen/1967 (05:05)/Mr. Green Genes (03:13)/We Can Shoot You (02:03)/If We'd All Been Living In California (01:13)/The Air (02:57)/Project X (04:49)/Cruisin' For Burgers (02:21)/Uncle Meat Film Excerpt Part I (37:35)/Tengo Na Minchia Tanta (03:46)/Uncle Meat Film Excerpt Part II (03:51)/King Kong Itself (as played by the Mothers in a studio) (00:51)/King Kong (Its Magnificence As Interpreted By Dom DeWild) (01:19)/King Kong (As Motorhead Explains It) (01:44)/King Kong (The Gardner Varieties) (06:20)/King Kong (As Played By 3 Deranged Good Humor Trucks) (00:31)/King Kong (Live On A Flat Bed Diesel In The Middle Of A Race Track At A Miami Pop Festival...The Underwood Remifications) (07:28",https://i.scdn.co/image/ab67616d00001e02aafe320f53908021da2349ba,Progressive Rock/Art Rock/Jazz Fusion/Psychedelic Rock/Avant-garde/Experimental/Symphonic Rock
0AckKVi9WU1GpG3ETIJOUV,7lRcWdFIW2mrDOu0igcfR0,6ra4GIOgCZQZMOaUECftGN,Frank Zappa,The Uncle Meat Variations,Uncle Meat,Album,1969-04-21,"Uncle Meat: Main Title Theme (01:56)/The Voice Of Cheese (00:26)/Nine Types Of Industrial Pollution (06:00)/Zolar Czakl (00:54)/Dog Breath, In The Year Of The Plague (03:59)/The Legend Of The Golden Arches (03:27)/Louie Louie - Live At The Royal Albert Hall, London/1967 (02:19)/The Dog Breath Variations (01:48)/Sleeping In A Jar (00:50)/Our Bizarre Relationship (01:05)/The Uncle Meat Variations (04:46)/Electric Aunt Jemima (01:46)/Prelude To King Kong (03:38)/God Bless America - Live At The Whisky A Go Go/1968 (01:10)/A Pound For A Brown On The Bus (01:29)/Ian Underwood Whips It Out - Live At The Falkoner Theater, Copenhagen/1967 (05:05)/Mr. Green Genes (03:13)/We Can Shoot You (02:03)/If We'd All Been Living In California (01:13)/The Air (02:57)/Project X (04:49)/Cruisin' For Burgers (02:21)/Uncle Meat Film Excerpt Part I (37:35)/Tengo Na Minchia Tanta (03:46)/Uncle Meat Film Excerpt Part II (03:51)/King Kong Itself (as played by the Mothers in a studio) (00:51)/King Kong (Its Magnificence As Interpreted By Dom DeWild) (01:19)/King Kong (As Motorhead Explains It) (01:44)/King Kong (The Gardner Varieties) (06:20)/King Kong (As Played By 3 Deranged Good Humor Trucks) (00:31)/King Kong (Live On A Flat Bed Diesel In The Middle Of A Race Track At A Miami Pop Festival...The Underwood Remifications) (07:28",https://i.scdn.co/image/ab67616d00001e02aafe320f53908021da2349ba,Progressive Rock/Art Rock/Jazz Fusion/Psychedelic Rock/Avant-garde/Experimental/Symphonic Rock
1yiMahUkIYajCezMNqBSeL,7lRcWdFIW2mrDOu0igcfR0,6ra4GIOgCZQZMOaUECftGN,Frank Zappa,Our Bizarre Relationship,Uncle Meat,Album,1969-04-21,"Uncle Meat: Main Title Theme (01:56)/The Voice Of Cheese (00:26)/Nine Types Of Industrial Pollution (06:00)/Zolar Czakl (00:54)/Dog Breath, In The Year Of The Plague (03:59)/The Legend Of The Golden Arches (03:27)/Louie Louie - Live At The Royal Albert Hall, London/1967 (02:19)/The Dog Breath Variations (01:48)/Sleeping In A Jar (00:50)/Our Bizarre Relationship (01:05)/The Uncle Meat Variations (04:46)/Electric Aunt Jemima (01:46)/Prelude To King Kong (03:38)/God Bless America - Live At The Whisky A Go Go/1968 (01:10)/A Pound For A Brown On The Bus (01:29)/Ian Underwood Whips It Out - Live At The Falkoner Theater, Copenhagen/1967 (05:05)/Mr. Green Genes (03:13)/We Can Shoot You (02:03)/If We'd All Been Living In California (01:13)/The Air (02:57)/Project X (04:49)/Cruisin' For Burgers (02:21)/Uncle Meat Film Excerpt Part I (37:35)/Tengo Na Minchia Tanta (03:46)/Uncle Meat Film Excerpt Part II (03:51)/King Kong Itself (as played by the Mothers in a studio) (00:51)/King Kong (Its Magnificence As Interpreted By Dom DeWild) (01:19)/King Kong (As Motorhead Explains It) (01:44)/King Kong (The Gardner Varieties) (06:20)/King Kong (As Played By 3 Deranged Good Humor Trucks) (00:31)/King Kong (Live On A Flat Bed Diesel In The Middle Of A Race Track At A Miami Pop Festival...The Underwood Remifications) (07:28",https://i.scdn.co/image/ab67616d00001e02aafe320f53908021da2349ba,Progressive Rock/Art Rock/Jazz Fusion/Psychedelic Rock/Avant-garde/Experimental/Symphonic Rock
67tdrEOSUnbYdxH6r8bydi,7lRcWdFIW2mrDOu0igcfR0,6ra4GIOgCZQZMOaUECftGN,Frank Zappa,Sleeping In A Jar,Uncle Meat,Album,1969-04-21,"Uncle Meat: Main Title Theme (01:56)/The Voice Of Cheese (00:26)/Nine Types Of Industrial Pollution (06:00)/Zolar Czakl (00:54)/Dog Breath, In The Year Of The Plague (03:59)/The Legend Of The Golden Arches (03:27)/Louie Louie - Live At The Royal Albert Hall, London/1967 (02:19)/The Dog Breath Variations (01:48)/Sleeping In A Jar (00:50)/Our Bizarre Relationship (01:05)/The Uncle Meat Variations (04:46)/Electric Aunt Jemima (01:46)/Prelude To King Kong (03:38)/God Bless America - Live At The Whisky A Go Go/1968 (01:10)/A Pound For A Brown On The Bus (01:29)/Ian Underwood Whips It Out - Live At The Falkoner Theater, Copenhagen/1967 (05:05)/Mr. Green Genes (03:13)/We Can Shoot You (02:03)/If We'd All Been Living In California (01:13)/The Air (02:57)/Project X (04:49)/Cruisin' For Burgers (02:21)/Uncle Meat Film Excerpt Part I (37:35)/Tengo Na Minchia Tanta (03:46)/Uncle Meat Film Excerpt Part II (03:51)/King Kong Itself (as played by the Mothers in a studio) (00:51)/King Kong (Its Magnificence As Interpreted By Dom DeWild) (01:19)/King Kong (As Motorhead Explains It) (01:44)/King Kong (The Gardner Varieties) (06:20)/King Kong (As Played By 3 Deranged Good Humor Trucks) (00:31)/King Kong (Live On A Flat Bed Diesel In The Middle Of A Race Track At A Miami Pop Festival...The Underwood Remifications) (07:28",https://i.scdn.co/image/ab67616d00001e02aafe320f53908021da2349ba,Progressive Rock/Art Rock/Jazz Fusion/Psychedelic Rock/Avant-garde/Experimental/Symphonic Rock
7r8cVU121onGE7FI0vgu36,7lRcWdFIW2mrDOu0igcfR0,6ra4GIOgCZQZMOaUECftGN,Frank Zappa,The Dog Breath Variations,Uncle Meat,Album,1969-04-21,"Uncle Meat: Main Title Theme (01:56)/The Voice Of Cheese (00:26)/Nine Types Of Industrial Pollution (06:00)/Zolar Czakl (00:54)/Dog Breath, In The Year Of The Plague (03:59)/The Legend Of The Golden Arches (03:27)/Louie Louie - Live At The Royal Albert Hall, London/1967 (02:19)/The Dog Breath Variations (01:48)/Sleeping In A Jar (00:50)/Our Bizarre Relationship (01:05)/The Uncle Meat Variations (04:46)/Electric Aunt Jemima (01:46)/Prelude To King Kong (03:38)/God Bless America - Live At The Whisky A Go Go/1968 (01:10)/A Pound For A Brown On The Bus (01:29)/Ian Underwood Whips It Out - Live At The Falkoner Theater, Copenhagen/1967 (05:05)/Mr. Green Genes (03:13)/We Can Shoot You (02:03)/If We'd All Been Living In California (01:13)/The Air (02:57)/Project X (04:49)/Cruisin' For Burgers (02:21)/Uncle Meat Film Excerpt Part I (37:35)/Tengo Na Minchia Tanta (03:46)/Uncle Meat Film Excerpt Part II (03:51)/King Kong Itself (as played by the Mothers in a studio) (00:51)/King Kong (Its Magnificence As Interpreted By Dom DeWild) (01:19)/King Kong (As Motorhead Explains It) (01:44)/King Kong (The Gardner Varieties) (06:20)/King Kong (As Played By 3 Deranged Good Humor Trucks) (00:31)/King Kong (Live On A Flat Bed Diesel In The Middle Of A Race Track At A Miami Pop Festival...The Underwood Remifications) (07:28",https://i.scdn.co/image/ab67616d00001e02aafe320f53908021da2349ba,Progressive Rock/Art Rock/Jazz Fusion/Psychedelic Rock/Avant-garde/Experimental/Symphonic Rock
1aeiv0bswIlRRg2SbizBOg,7lRcWdFIW2mrDOu0igcfR0,6ra4GIOgCZQZMOaUECftGN,Frank Zappa,"Louie Louie - Live At The Royal Albert Hall, London/1967",Uncle Meat,Album,1969-04-21,"Uncle Meat: Main Title Theme (01:56)/The Voice Of Cheese (00:26)/Nine Types Of Industrial Pollution (06:00)/Zolar Czakl (00:54)/Dog Breath, In The Year Of The Plague (03:59)/The Legend Of The Golden Arches (03:27)/Louie Louie - Live At The Royal Albert Hall, London/1967 (02:19)/The Dog Breath Variations (01:48)/Sleeping In A Jar (00:50)/Our Bizarre Relationship (01:05)/The Uncle Meat Variations (04:46)/Electric Aunt Jemima (01:46)/Prelude To King Kong (03:38)/God Bless America - Live At The Whisky A Go Go/1968 (01:10)/A Pound For A Brown On The Bus (01:29)/Ian Underwood Whips It Out - Live At The Falkoner Theater, Copenhagen/1967 (05:05)/Mr. Green Genes (03:13)/We Can Shoot You (02:03)/If We'd All Been Living In California (01:13)/The Air (02:57)/Project X (04:49)/Cruisin' For Burgers (02:21)/Uncle Meat Film Excerpt Part I (37:35)/Tengo Na Minchia Tanta (03:46)/Uncle Meat Film Excerpt Part II (03:51)/King Kong Itself (as played by the Mothers in a studio) (00:51)/King Kong (Its Magnificence As Interpreted By Dom DeWild) (01:19)/King Kong (As Motorhead Explains It) (01:44)/King Kong (The Gardner Varieties) (06:20)/King Kong (As Played By 3 Deranged Good Humor Trucks) (00:31)/King Kong (Live On A Flat Bed Diesel In The Middle Of A Race Track At A Miami Pop Festival...The Underwood Remifications) (07:28",https://i.scdn.co/image/ab67616d00001e02aafe320f53908021da2349ba,Progressive Rock/Art Rock/Jazz Fusion/Psychedelic Rock/Avant-garde/Experimental/Symphonic Rock
0ygeVS3wWBGhOOGfLRrN03,7lRcWdFIW2mrDOu0igcfR0,6ra4GIOgCZQZMOaUECftGN,Frank Zappa,The Legend Of The Golden Arches,Uncle Meat,Album,1969-04-21,"Uncle Meat: Main Title Theme (01:56)/The Voice Of Cheese (00:26)/Nine Types Of Industrial Pollution (06:00)/Zolar Czakl (00:54)/Dog Breath, In The Year Of The Plague (03:59)/The Legend Of The Golden Arches (03:27)/Louie Louie - Live At The Royal Albert Hall, London/1967 (02:19)/The Dog Breath Variations (01:48)/Sleeping In A Jar (00:50)/Our Bizarre Relationship (01:05)/The Uncle Meat Variations (04:46)/Electric Aunt Jemima (01:46)/Prelude To King Kong (03:38)/God Bless America - Live At The Whisky A Go Go/1968 (01:10)/A Pound For A Brown On The Bus (01:29)/Ian Underwood Whips It Out - Live At The Falkoner Theater, Copenhagen/1967 (05:05)/Mr. Green Genes (03:13)/We Can Shoot You (02:03)/If We'd All Been Living In California (01:13)/The Air (02:57)/Project X (04:49)/Cruisin' For Burgers (02:21)/Uncle Meat Film Excerpt Part I (37:35)/Tengo Na Minchia Tanta (03:46)/Uncle Meat Film Excerpt Part II (03:51)/King Kong Itself (as played by the Mothers in a studio) (00:51)/King Kong (Its Magnificence As Interpreted By Dom DeWild) (01:19)/King Kong (As Motorhead Explains It) (01:44)/King Kong (The Gardner Varieties) (06:20)/King Kong (As Played By 3 Deranged Good Humor Trucks) (00:31)/King Kong (Live On A Flat Bed Diesel In The Middle Of A Race Track At A Miami Pop Festival...The Underwood Remifications) (07:28",https://i.scdn.co/image/ab67616d00001e02aafe320f53908021da2349ba,Progressive Rock/Art Rock/Jazz Fusion/Psychedelic Rock/Avant-garde/Experimental/Symphonic Rock
3qJ3cj6IE3b0Q1wYRlq3ex,7lRcWdFIW2mrDOu0igcfR0,6ra4GIOgCZQZMOaUECftGN,Frank Zappa,"Dog Breath, In The Year Of The Plague",Uncle Meat,Album,1969-04-21,"Uncle Meat: Main Title Theme (01:56)/The Voice Of Cheese (00:26)/Nine Types Of Industrial Pollution (06:00)/Zolar Czakl (00:54)/Dog Breath, In The Year Of The Plague (03:59)/The Legend Of The Golden Arches (03:27)/Louie Louie - Live At The Royal Albert Hall, London/1967 (02:19)/The Dog Breath Variations (01:48)/Sleeping In A Jar (00:50)/Our Bizarre Relationship (01:05)/The Uncle Meat Variations (04:46)/Electric Aunt Jemima (01:46)/Prelude To King Kong (03:38)/God Bless America - Live At The Whisky A Go Go/1968 (01:10)/A Pound For A Brown On The Bus (01:29)/Ian Underwood Whips It Out - Live At The Falkoner Theater, Copenhagen/1967 (05:05)/Mr. Green Genes (03:13)/We Can Shoot You (02:03)/If We'd All Been Living In California (01:13)/The Air (02:57)/Project X (04:49)/Cruisin' For Burgers (02:21)/Uncle Meat Film Excerpt Part I (37:35)/Tengo Na Minchia Tanta (03:46)/Uncle Meat Film Excerpt Part II (03:51)/King Kong Itself (as played by the Mothers in a studio) (00:51)/King Kong (Its Magnificence As Interpreted By Dom DeWild) (01:19)/King Kong (As Motorhead Explains It) (01:44)/King Kong (The Gardner Varieties) (06:20)/King Kong (As Played By 3 Deranged Good Humor Trucks) (00:31)/King Kong (Live On A Flat Bed Diesel In The Middle Of A Race Track At A Miami Pop Festival...The Underwood Remifications) (07:28",https://i.scdn.co/image/ab67616d00001e02aafe320f53908021da2349ba,Progressive Rock/Art Rock/Jazz Fusion/Psychedelic Rock/Avant-garde/Experimental/Symphonic Rock
2Hf52vDexWN9TxRrZjqwJA,7lRcWdFIW2mrDOu0igcfR0,6ra4GIOgCZQZMOaUECftGN,Frank Zappa,Zolar Czakl,Uncle Meat,Album,1969-04-21,"Uncle Meat: Main Title Theme (01:56)/The Voice Of Cheese (00:26)/Nine Types Of Industrial Pollution (06:00)/Zolar Czakl (00:54)/Dog Breath, In The Year Of The Plague (03:59)/The Legend Of The Golden Arches (03:27)/Louie Louie - Live At The Royal Albert Hall, London/1967 (02:19)/The Dog Breath Variations (01:48)/Sleeping In A Jar (00:50)/Our Bizarre Relationship (01:05)/The Uncle Meat Variations (04:46)/Electric Aunt Jemima (01:46)/Prelude To King Kong (03:38)/God Bless America - Live At The Whisky A Go Go/1968 (01:10)/A Pound For A Brown On The Bus (01:29)/Ian Underwood Whips It Out - Live At The Falkoner Theater, Copenhagen/1967 (05:05)/Mr. Green Genes (03:13)/We Can Shoot You (02:03)/If We'd All Been Living In California (01:13)/The Air (02:57)/Project X (04:49)/Cruisin' For Burgers (02:21)/Uncle Meat Film Excerpt Part I (37:35)/Tengo Na Minchia Tanta (03:46)/Uncle Meat Film Excerpt Part II (03:51)/King Kong Itself (as played by the Mothers in a studio) (00:51)/King Kong (Its Magnificence As Interpreted By Dom DeWild) (01:19)/King Kong (As Motorhead Explains It) (01:44)/King Kong (The Gardner Varieties) (06:20)/King Kong (As Played By 3 Deranged Good Humor Trucks) (00:31)/King Kong (Live On A Flat Bed Diesel In The Middle Of A Race Track At A Miami Pop Festival...The Underwood Remifications) (07:28",https://i.scdn.co/image/ab67616d00001e02aafe320f53908021da2349ba,Progressive Rock/Art Rock/Jazz Fusion/Psychedelic Rock/Avant-garde/Experimental/Symphonic Rock
2im7cuv2QD5FqlU4a7ePIN,37i2cYpaPCjBVKQX8xszqv,2hGh5VOeeqimQFxqXvfCUf,John Coltrane,Mr. Day,Coltrane Plays the Blues,Album,1962-07,Blues to Elvin (07:50)/Blues to Bechet (05:43)/Blues to You (06:27)/Mr. Day (07:53)/Mr. Syms (05:19)/Mr. Knight (07:31)/Untitled Original (Exotica) - Alternate Take (05:21)/Blues to Elvin - Alternate Take 1 (10:57)/Blues to Elvin - Alternate Take 3 (05:51)/Blues to You - Alternate Take 1 (05:33)/Blues to You - Alternate Take 2 (05:30,https://i.scdn.co/image/ab67616d00001e02afc5bc0edf183558eda78639,Jazz/Hard Bop/Free Jazz/Bebop/Cool Jazz/Jazz Blues
50LULZyx2xFDsjLxGtovk1,37i2cYpaPCjBVKQX8xszqv,2hGh5VOeeqimQFxqXvfCUf,John Coltrane,Blues to You,Coltrane Plays the Blues,Album,1962-07,Blues to Elvin (07:50)/Blues to Bechet (05:43)/Blues to You (06:27)/Mr. Day (07:53)/Mr. Syms (05:19)/Mr. Knight (07:31)/Untitled Original (Exotica) - Alternate Take (05:21)/Blues to Elvin - Alternate Take 1 (10:57)/Blues to Elvin - Alternate Take 3 (05:51)/Blues to You - Alternate Take 1 (05:33)/Blues to You - Alternate Take 2 (05:30,https://i.scdn.co/image/ab67616d00001e02afc5bc0edf183558eda78639,Jazz/Hard Bop/Free Jazz/Bebop/Cool Jazz/Jazz Blues
6zrp0962R5OrwvXgnfVo9n,37i2cYpaPCjBVKQX8xszqv,2hGh5VOeeqimQFxqXvfCUf,John Coltrane,Blues to Bechet,Coltrane Plays the Blues,Album,1962-07,Blues to Elvin (07:50)/Blues to Bechet (05:43)/Blues to You (06:27)/Mr. Day (07:53)/Mr. Syms (05:19)/Mr. Knight (07:31)/Untitled Original (Exotica) - Alternate Take (05:21)/Blues to Elvin - Alternate Take 1 (10:57)/Blues to Elvin - Alternate Take 3 (05:51)/Blues to You - Alternate Take 1 (05:33)/Blues to You - Alternate Take 2 (05:30,https://i.scdn.co/image/ab67616d00001e02afc5bc0edf183558eda78639,Jazz/Hard Bop/Free Jazz/Bebop/Cool Jazz/Jazz Blues
6zsXduqHYbAAy318vQqNTA,37i2cYpaPCjBVKQX8xszqv,2hGh5VOeeqimQFxqXvfCUf,John Coltrane,Blues to Elvin,Coltrane Plays the Blues,Album,1962-07,Blues to Elvin (07:50)/Blues to Bechet (05:43)/Blues to You (06:27)/Mr. Day (07:53)/Mr. Syms (05:19)/Mr. Knight (07:31)/Untitled Original (Exotica) - Alternate Take (05:21)/Blues to Elvin - Alternate Take 1 (10:57)/Blues to Elvin - Alternate Take 3 (05:51)/Blues to You - Alternate Take 1 (05:33)/Blues to You - Alternate Take 2 (05:30,https://i.scdn.co/image/ab67616d00001e02afc5bc0edf183558eda78639,Jazz/Hard Bop/Free Jazz/Bebop/Cool Jazz/Jazz Blues
3lrcl8bNSUkHMjHEtP5yC1,5e3mq4TT4RLn4VXfgKV6MU,2hGh5VOeeqimQFxqXvfCUf,John Coltrane,Autumn Serenade,John Coltrane And Johnny Hartman,Album,1963-01-01,They Say It's Wonderful (05:20)/Dedicated To You (05:32)/My One And Only Love (04:55)/Lush Life (05:29)/You Are Too Beautiful (05:36)/Autumn Serenade (04:19,https://i.scdn.co/image/ab67616d00001e02b933190768f4cdfa4f487aaa,Jazz/Hard Bop/Free Jazz/Bebop/Cool Jazz/Jazz Blues
4bA0Y5vHsRx2RH59lGkryb,5e3mq4TT4RLn4VXfgKV6MU,2hGh5VOeeqimQFxqXvfCUf,John Coltrane,You Are Too Beautiful,John Coltrane And Johnny Hartman,Album,1963-01-01,They Say It's Wonderful (05:20)/Dedicated To You (05:32)/My One And Only Love (04:55)/Lush Life (05:29)/You Are Too Beautiful (05:36)/Autumn Serenade (04:19,https://i.scdn.co/image/ab67616d00001e02b933190768f4cdfa4f487aaa,Jazz/Hard Bop/Free Jazz/Bebop/Cool Jazz/Jazz Blues
0Srs2sPdZTfFvvfLP4DGa0,5e3mq4TT4RLn4VXfgKV6MU,2hGh5VOeeqimQFxqXvfCUf,John Coltrane,Lush Life,John Coltrane And Johnny Hartman,Album,1963-01-01,They Say It's Wonderful (05:20)/Dedicated To You (05:32)/My One And Only Love (04:55)/Lush Life (05:29)/You Are Too Beautiful (05:36)/Autumn Serenade (04:19,https://i.scdn.co/image/ab67616d00001e02b933190768f4cdfa4f487aaa,Jazz/Hard Bop/Free Jazz/Bebop/Cool Jazz/Jazz Blues
7981FAW8DbDs1ueK4Ha8R2,5e3mq4TT4RLn4VXfgKV6MU,2hGh5VOeeqimQFxqXvfCUf,John Coltrane,Dedicated To You,John Coltrane And Johnny Hartman,Album,1963-01-01,They Say It's Wonderful (05:20)/Dedicated To You (05:32)/My One And Only Love (04:55)/Lush Life (05:29)/You Are Too Beautiful (05:36)/Autumn Serenade (04:19,https://i.scdn.co/image/ab67616d00001e02b933190768f4cdfa4f487aaa,Jazz/Hard Bop/Free Jazz/Bebop/Cool Jazz/Jazz Blues
2ze0pFNOCrhSh6QtDHs0Hi,7hhiiSTYqeVkfqTty5c1H5,7nQZVqkaUxa3A62UJSisSB,La coscienza di Zeno,Un Insolito Baratto Alchemico,La Coscienza di Zeno,Album,2018-11-13,"Cronovisione (07:36)/Gatto Lupesco (07:23)/Nei Cerchi Del Legno (I. Pinocchio, Ii, V.i.t.r.i.o.l., Iii. L'eterna Spirale Del Destino, Iv. Radici Di Una Coscienza) (13:09)/Il Fattore Precipitante (07:00)/Il Basilisco (06:19)/Un Insolito Baratto Alchemico (07:11)/Acustica Felina (09:37)/Colofonia (08:54)/09 Il Paradiso Degli Altri (09:56)/Homeworld (The Ladder) (09:33",https://i.scdn.co/image/ab67616d00001e02d84f61c669b14f19eb058b62,Progressive Rock
3QXpBHYp3LGIS2ICmmwaZ5,7hhiiSTYqeVkfqTty5c1H5,7nQZVqkaUxa3A62UJSisSB,La coscienza di Zeno,Il Basilisco,La Coscienza di Zeno,Album,2018-11-13,"Cronovisione (07:36)/Gatto Lupesco (07:23)/Nei Cerchi Del Legno (I. Pinocchio, Ii, V.i.t.r.i.o.l., Iii. L'eterna Spirale Del Destino, Iv. Radici Di Una Coscienza) (13:09)/Il Fattore Precipitante (07:00)/Il Basilisco (06:19)/Un Insolito Baratto Alchemico (07:11)/Acustica Felina (09:37)/Colofonia (08:54)/09 Il Paradiso Degli Altri (09:56)/Homeworld (The Ladder) (09:33",https://i.scdn.co/image/ab67616d00001e02d84f61c669b14f19eb058b62,Progressive Rock
0cRS20oEnM1Hv2wZRooluJ,7hhiiSTYqeVkfqTty5c1H5,7nQZVqkaUxa3A62UJSisSB,La coscienza di Zeno,"Nei Cerchi Del Legno (I. Pinocchio, Ii, V.i.t.r.i.o.l., Iii. L'eterna Spirale Del Destino, Iv. Radici Di Una Coscienza)",La Coscienza di Zeno,Album,2018-11-13,"Cronovisione (07:36)/Gatto Lupesco (07:23)/Nei Cerchi Del Legno (I. Pinocchio, Ii, V.i.t.r.i.o.l., Iii. L'eterna Spirale Del Destino, Iv. Radici Di Una Coscienza) (13:09)/Il Fattore Precipitante (07:00)/Il Basilisco (06:19)/Un Insolito Baratto Alchemico (07:11)/Acustica Felina (09:37)/Colofonia (08:54)/09 Il Paradiso Degli Altri (09:56)/Homeworld (The Ladder) (09:33",https://i.scdn.co/image/ab67616d00001e02d84f61c669b14f19eb058b62,Progressive Rock
282KaxSCMolEUYZoQYfb1N,7lRcWdFIW2mrDOu0igcfR0,6ra4GIOgCZQZMOaUECftGN,Frank Zappa,We Can Shoot You,Uncle Meat,Album,1969-04-21,"Uncle Meat: Main Title Theme (01:56)/The Voice Of Cheese (00:26)/Nine Types Of Industrial Pollution (06:00)/Zolar Czakl (00:54)/Dog Breath, In The Year Of The Plague (03:59)/The Legend Of The Golden Arches (03:27)/Louie Louie - Live At The Royal Albert Hall, London/1967 (02:19)/The Dog Breath Variations (01:48)/Sleeping In A Jar (00:50)/Our Bizarre Relationship (01:05)/The Uncle Meat Variations (04:46)/Electric Aunt Jemima (01:46)/Prelude To King Kong (03:38)/God Bless America - Live At The Whisky A Go Go/1968 (01:10)/A Pound For A Brown On The Bus (01:29)/Ian Underwood Whips It Out - Live At The Falkoner Theater, Copenhagen/1967 (05:05)/Mr. Green Genes (03:13)/We Can Shoot You (02:03)/If We'd All Been Living In California (01:13)/The Air (02:57)/Project X (04:49)/Cruisin' For Burgers (02:21)/Uncle Meat Film Excerpt Part I (37:35)/Tengo Na Minchia Tanta (03:46)/Uncle Meat Film Excerpt Part II (03:51)/King Kong Itself (as played by the Mothers in a studio) (00:51)/King Kong (Its Magnificence As Interpreted By Dom DeWild) (01:19)/King Kong (As Motorhead Explains It) (01:44)/King Kong (The Gardner Varieties) (06:20)/King Kong (As Played By 3 Deranged Good Humor Trucks) (00:31)/King Kong (Live On A Flat Bed Diesel In The Middle Of A Race Track At A Miami Pop Festival...The Underwood Remifications) (07:28",https://i.scdn.co/image/ab67616d00001e02aafe320f53908021da2349ba,Progressive Rock/Art Rock/Jazz Fusion/Psychedelic Rock/Avant-garde/Experimental/Symphonic Rock
